Date,Minimum temperature (째C),Maximum temperature (째C),Rainfall (mm),Evaporation (mm),Sunshine (hours),Direction of maximum wind gust ,Speed of maximum wind gust (km/h),Time of maximum wind gust,9am Temperature (째C),9am relative humidity (%),9am cloud amount (oktas),9am wind direction,9am wind speed (km/h),9am MSL pressure (hPa),3pm Temperature (째C),3pm relative humidity (%),3pm cloud amount (oktas),3pm wind direction,3pm wind speed (km/h),3pm MSL pressure (hPa)
2021-02-1,22.5,29.7,1.4,,11.8,E,31.0,13:46,25.8,61.0,5,E,9,1013.7,28.5,50.0,3,E,15,1010.3
2021-02-2,21.4,25.7,19.8,,0.0,W,20.0,09:07,21.7,94.0,8,W,11,1009.3,23.1,88.0,8,NE,2,1007.6
2021-02-3,20.4,29.1,44.6,,8.6,ESE,33.0,12:14,25.5,65.0,7,ESE,13,1011.1,27.9,47.0,7,ESE,15,1009.9
2021-02-4,19.7,30.0,0.2,,12.3,E,24.0,14:38,26.9,58.0,2,SE,7,1012.6,28.8,51.0,1,E,13,1010.1
2021-02-5,21.0,29.7,0.2,,9.2,NE,24.0,13:40,26.6,63.0,5,ESE,7,1012.1,28.3,57.0,7,ENE,11,1009.0
2021-02-6,21.0,31.1,0.0,,12.0,ENE,20.0,13:40,26.6,62.0,3,SSE,4,1009.0,30.0,53.0,3,NE,9,1004.6
2021-02-7,23.0,35.2,0.0,,8.7,ENE,20.0,16:12,27.6,65.0,7,S,4,1006.1,31.5,53.0,7,ENE,11,1001.3
2021-02-8,23.5,29.6,0.6,,7.8,E,37.0,16:57,27.6,54.0,6,SE,17,1009.4,27.3,55.0,4,ESE,13,1008.0
2021-02-9,21.8,29.1,0.0,,11.0,SE,37.0,17:13,26.5,47.0,3,SE,9,1013.7,28.2,46.0,5,E,15,1010.6
2021-02-10,18.8,28.5,0.0,,8.9,E,35.0,18:07,25.2,51.0,6,S,9,1014.1,26.8,45.0,4,E,13,1010.7
2021-02-11,19.9,27.6,0.0,,8.3,ENE,22.0,16:59,25.1,54.0,3,S,6,1014.8,26.3,55.0,3,ENE,9,1012.0
2021-02-12,20.7,30.1,0.0,,8.9,NNE,22.0,17:01,25.2,61.0,7,SSW,2,1014.2,28.1,51.0,4,NE,11,1010.7
2021-02-13,21.7,30.7,0.0,,9.7,NNE,28.0,16:50,26.5,60.0,6,NNW,4,1010.8,28.7,58.0,6,NNE,11,1006.6
2021-02-14,21.8,30.2,1.6,,3.0,SE,33.0,17:22,24.3,81.0,8,SSW,4,1008.8,28.9,53.0,6,SSE,9,1006.9
2021-02-15,20.7,29.2,0.2,,11.6,ENE,33.0,15:05,25.9,56.0,2,SSE,7,1013.0,28.3,51.0,1,E,15,1011.1
2021-02-16,20.7,28.9,0.0,,7.9,ESE,31.0,15:56,26.1,57.0,6,SSE,9,1014.5,28.6,51.0,7,SSE,7,1012.2
2021-02-17,19.5,28.6,5.4,,10.3,E,48.0,13:24,25.0,63.0,7,SSE,9,1016.6,26.6,59.0,5,SE,19,1014.5
2021-02-18,19.9,27.4,16.6,,2.9,SE,33.0,12:58,21.1,90.0,7,SE,4,1016.9,26.9,62.0,5,ESE,15,1014.6
2021-02-19,20.8,29.0,12.2,,7.2,ESE,20.0,15:48,23.6,87.0,7,SW,2,1015.2,26.1,76.0,7,E,9,1011.7
2021-02-20,22.2,29.6,0.4,,2.8,SSE,19.0,09:30,25.6,66.0,7,SSW,7,1012.4,28.4,56.0,7,SE,4,1008.0
2021-02-21,22.3,33.7,1.2,,10.4,W,28.0,11:14,28.2,57.0,2,W,11,1005.5,32.5,39.0,3,E,9,1000.8
2021-02-22,22.1,33.6,0.0,,11.9,ENE,37.0,23:15,28.8,62.0,1,SW,4,1005.4,31.0,58.0,1,NNE,7,1003.1
2021-02-23,23.3,32.1,8.2,,10.7,S,33.0,18:17,28.4,64.0,4,NW,4,1009.9,31.4,39.0,3,NNE,11,1006.7
2021-02-24,20.9,29.8,10.6,,7.2,E,26.0,14:10,24.8,78.0,7,ENE,7,1014.6,29.0,58.0,3,NE,9,1011.9
2021-02-25,22.2,28.7,16.8,,5.7,NNE,22.0,08:29,22.9,92.0,7, ,Calm,1013.9,28.2,65.0,6,ENE,11,1010.3
2021-02-26,22.5,31.8,0.2,,11.9,NNE,20.0,17:00,27.6,62.0,1,WNW,4,1011.4,30.4,54.0,1,NNE,9,1008.4
2021-02-27,23.2,30.8,0.0,,4.9,NE,19.0,13:30,28.0,63.0,7,ENE,2,1012.5,28.7,63.0,7,NE,7,1010.3
2021-02-28,24.1,31.4,4.0,,6.2,NE,20.0,13:35,27.3,71.0,7,WNW,2,1012.3,29.2,58.0,7,NNE,9,1009.4
2021-03-1,24.1,29.6,0.0,,0.2,ENE,11.0,15:46,26.3,75.0,8,WSW,4,1010.7,29.1,60.0,8,NE,6,1008.4
2021-03-2,22.1,33.2,0.0,,10.8,S,33.0,17:32,27.9,64.0,3,W,6,1009.7,31.4,54.0,3,NE,9,1006.1
2021-03-3,22.5,26.5,6.2,,3.1,ESE,28.0,15:02,24.4,78.0,8,ESE,6,1012.1,24.9,66.0,7,ESE,11,1010.1
2021-03-4,20.1,26.7,0.6,,3.1,SE,33.0,11:09,21.8,79.0,8,SE,6,1013.2,25.7,57.0,5,ESE,13,1010.6
2021-03-5,18.0,30.8,0.0,,11.6,ENE,19.0,15:19,24.7,61.0,1,WSW,4,1009.0,30.3,50.0,2,NNE,6,1003.4
2021-03-6,20.9,28.5,0.0,,8.7,E,26.0,12:33,26.4,58.0,7,ESE,9,1009.9,25.8,56.0,7,E,15,1008.8
2021-03-7,21.1,28.4,0.0,,8.2,ENE,26.0,14:53,24.7,68.0,6, ,Calm,1015.9,26.9,60.0,1,ENE,15,1012.7
2021-03-8,21.8,29.6,0.0,,8.8,NNE,30.0,14:37,27.3,58.0,4,NNW,9,1017.3,27.9,63.0,5,NNE,9,1012.8
2021-03-9,21.3,30.4,25.6,,7.9,NE,22.0,17:05,24.3,79.0,7,NW,4,1016.0,30.2,60.0,2,NE,6,1012.3
2021-03-10,20.8,30.6,0.0,,9.6,E,31.0,15:32,25.2,68.0,3,WSW,6,1018.4,29.8,54.0,3,E,13,1015.6
2021-03-11,22.3,28.5,0.0,,1.5,WNW,26.0,11:17,25.9,71.0,7, ,Calm,1020.2,23.0,85.0,8,E,6,1018.5
2021-03-12,20.6,28.0,0.8,,7.9,E,24.0,15:39,25.4,70.0,3,WSW,2,1019.7,26.0,66.0,7,NE,9,1017.1
2021-03-13,21.4,29.4,0.4,,8.3,ENE,24.0,12:24,26.0,71.0,7,NE,4,1017.6,27.8,63.0,2,ENE,11,1014.5
2021-03-14,21.5,30.8,0.2,,10.8,ENE,28.0,12:34,26.4,66.0,2,NW,2,1014.6,29.3,54.0,2,NE,13,1010.8
2021-03-15,22.5,23.0,6.6,,0.0,SSW,19.0,15:07,22.6,87.0,7,SSW,4,1015.9,21.3,84.0,8,SSW,4,1015.7
2021-03-16,19.1,25.4,12.4,,0.0,SE,30.0,11:53,22.4,74.0,8,SSE,4,1020.2,21.5,79.0,8,SSE,6,1018.8
2021-03-17,18.9,22.3,11.6,,0.0,ESE,19.0,16:58,19.7,91.0,8, ,Calm,1019.2,20.8,86.0,8,E,6,1016.7
2021-03-18,19.4,27.8,15.4,,2.6,E,22.0,17:00,22.1,83.0,7,WSW,4,1017.0,27.1,60.0,7,E,7,1014.2
2021-03-19,20.7,28.7,0.0,,6.1,NE,19.0,16:49,25.0,68.0,6,WSW,4,1017.1,28.4,59.0,5,NNE,6,1014.2
2021-03-20,21.9,28.6,20.8,,1.2,E,24.0,18:47,23.6,87.0,8,E,9,1017.6,27.1,68.0,7,N,4,1014.7
2021-03-21,22.0,28.5,1.0,,2.4,ENE,26.0,12:53,24.6,81.0,7,NNW,2,1017.8,23.7,89.0,7,E,11,1015.7
2021-03-22,21.1,23.2,125.0,,0.0,ENE,20.0,04:47,22.0,91.0,8, ,Calm,1018.5,21.8,94.0,8,ESE,6,1014.8
2021-03-23,21.4,27.8,52.6,,0.0,N,28.0,15:36,23.2,95.0,7,NE,7,1010.9,24.9,88.0,8,NNE,9,1005.3
2021-03-24,21.4,30.9,21.4,,8.3,W,37.0,16:36,27.4,69.0,6,W,7,1004.3,30.3,48.0,2,W,15,1001.7
2021-03-25,16.7,31.1,0.0,,11.4,W,35.0,15:18,25.5,54.0,1,SW,4,1007.7,30.7,30.0,1,W,13,1004.7
2021-03-26,19.1,30.5,0.0,,11.0,ESE,22.0,14:12,25.6,44.0,0,SW,6,1013.3,27.8,46.0,2,ENE,11,1010.5
2021-03-27,20.4,29.8,0.0,,10.1,WNW,20.0,13:18,25.2,67.0,1,SW,4,1015.4,28.8,54.0,1,ENE,9,1011.7
2021-03-28,18.9,30.7,0.0,,9.2,WNW,20.0,13:54,25.4,55.0,1,WSW,6,1016.9,29.5,36.0,7,S,4,1013.2
2021-03-29,19.8,30.0,0.0,,10.0,ESE,24.0,14:58,25.2,61.0,2,SW,4,1017.9,27.0,55.0,1,E,11,1014.7
2021-03-30,19.9,26.3,0.0,,3.5,E,33.0,13:54,22.7,65.0,6,SE,9,1019.7,24.1,66.0,7,ESE,9,1017.9
2021-03-31,17.3,27.1,0.0,,9.4,ESE,28.0,17:14,22.9,56.0,2,SSW,6,1020.3,24.9,49.0,4,ESE,11,1017.8
2021-04-1,18.0,26.2,0.0,,5.7,SSE,31.0,15:09,23.6,57.0,6,SSW,7,1020.9,23.4,68.0,7,SSW,4,1018.8
2021-04-2,17.9,26.6,2.8,,8.8,E,41.0,14:46,23.7,59.0,2,SSE,11,1022.5,24.1,53.0,7,ESE,17,1021.0
2021-04-3,20.5,25.4,0.0,,1.2,ESE,33.0,14:10,22.6,70.0,7,SSE,7,1021.6,22.5,80.0,7,ESE,9,1019.0
2021-04-4,19.6,22.5,8.4,,0.0,ENE,20.0,13:58,20.7,92.0,8,WSW,2,1019.6,21.4,91.0,8,ESE,4,1016.4
2021-04-5,20.1,23.3,9.4,,0.0,SE,30.0,15:31,21.6,87.0,8,SSE,11,1016.4,23.0,87.0,8,SE,13,1013.3
2021-04-6,20.9,24.3,45.4,,0.9,E,37.0,05:21,22.1,94.0,8,S,6,1015.7,22.9,85.0,7,SSE,11,1013.1
2021-04-7,19.6,27.5,20.6,,6.5,SSE,30.0,11:07,22.4,86.0,7,SSW,9,1013.0,27.4,57.0,6,SE,13,1008.8
2021-04-8,19.2,28.1,0.0,,10.2,S,26.0,09:51,24.7,63.0,7,S,11,1008.8,26.7,59.0,1,S,6,1005.7
2021-04-9,18.3,30.6,0.0,,10.6,WNW,19.0,14:24,23.9,63.0,0,WSW,4,1009.3,30.3,45.0,2,W,6,1004.6
2021-04-10,17.7,33.0,0.0,,10.9,W,28.0,13:41,24.2,61.0,1,WSW,4,1008.7,32.7,30.0,1,WSW,7,1004.7
2021-04-11,18.3,29.2,0.0,,7.4,W,30.0,15:40,22.5,57.0,7,SW,4,1010.7,29.0,30.0,1,W,11,1008.3
2021-04-12,13.2,24.6,0.2,,10.0,SE,26.0,13:52,18.9,39.0,1,WSW,9,1018.0,23.6,49.0,1,ENE,9,1016.1
2021-04-13,14.7,24.9,0.0,,10.7,SE,20.0,10:55,21.4,52.0,1,SSW,6,1021.9,23.2,42.0,2,ESE,9,1018.9
2021-04-14,13.6,26.3,0.0,,10.8,NE,19.0,15:05,19.5,64.0,1,WSW,6,1020.7,25.4,47.0,1,NE,6,1016.7
2021-04-15,15.0,28.4,0.0,,10.9,NE,19.0,14:25,20.6,69.0,0,WSW,6,1017.6,26.6,49.0,1,NNE,7,1014.0
2021-04-16,17.1,30.5,0.0,,10.0,E,28.0,16:05,22.5,63.0,1,SW,2,1017.6,27.5,52.0,3,ENE,9,1015.2
2021-04-17,19.5,24.7,0.0,,0.7,SE,26.0,00:32,21.2,67.0,8,SW,6,1019.6,23.6,68.0,7,E,6,1016.3
2021-04-18,15.0,24.9,24.6,,8.5,ENE,19.0,16:40,19.5,63.0,2,SW,7,1018.6,23.8,49.0,2,SSE,7,1015.4
2021-04-19,14.4,26.5,0.2,,10.9,SSE,19.0,09:24,20.3,61.0,1,SW,6,1019.1,25.2,44.0,1,NNE,6,1015.7
2021-04-20,14.6,27.6,0.0,,10.7,NNE,19.0,16:43,20.3,69.0,0,WSW,6,1019.1,27.4,35.0,1,WNW,4,1014.4
2021-04-21,14.5,30.1,0.0,,10.9,W,31.0,15:59,22.4,62.0,0,WSW,6,1015.1,29.8,26.0,1,WSW,13,1010.3
2021-04-22,12.0,22.0,0.0,,1.0,W,24.0,22:08,16.7,62.0,7,SSW,6,1016.6,21.1,40.0,7,W,6,1012.5
2021-04-23,11.6,25.0,0.0,,10.9,WSW,17.0,11:33,18.7,35.0,1,SSW,7,1018.8,24.6,29.0,1,N,2,1016.1
2021-04-24,12.2,25.1,0.0,,10.7,NE,17.0,14:27,18.3,60.0,1,SSW,6,1022.5,23.8,49.0,1,ENE,7,1019.3
2021-04-25,13.7,26.6,0.0,,10.5,NE,17.0,14:59,19.8,70.0,1,SSW,4,1022.6,25.1,47.0,1,ENE,7,1019.2
2021-04-26,15.0,24.8,0.0,,9.7,ESE,20.0,20:55,20.2,70.0,1,SSW,6,1023.7,24.1,48.0,2,E,9,1020.8
2021-04-27,16.0,25.8,0.0,,7.8,ESE,24.0,15:45,20.7,66.0,3,SW,6,1025.6,23.6,52.0,1,E,9,1021.7
2021-04-28,15.7,24.6,0.0,,5.5,E,22.0,17:54,21.2,63.0,1,SSW,7,1024.2,22.6,58.0,7,SE,7,1021.3
2021-04-29,15.7,25.1,0.6,,8.5,E,28.0,14:56,19.6,69.0,6,SSW,4,1023.4,22.3,60.0,6,ESE,15,1020.8
2021-04-30,17.1,24.2,0.0,,1.7,ESE,33.0,13:31,21.5,70.0,7,SE,9,1025.0,19.8,85.0,8,ESE,7,1023.8
2021-05-1,16.7,22.3,6.2,,0.0,ENE,28.0,13:40,18.2,87.0,7,WSW,4,1026.8,20.7,83.0,7,ENE,7,1024.9
2021-05-2,17.1,23.1,12.0,,3.1,ESE,28.0,10:50,21.7,78.0,5,SSW,4,1025.5,22.6,64.0,7,ESE,7,1022.2
2021-05-3,16.6,25.5,2.4,,9.6,E,19.0,16:15,21.0,70.0,2,SW,6,1021.7,24.3,58.0,3,E,11,1017.6
2021-05-4,15.7,26.3,0.2,,9.2,SW,15.0,09:49,18.4,86.0,1,SW,6,1017.8,26.1,44.0,7,WSW,4,1013.2
2021-05-5,15.7,18.2,17.6,,2.3,WSW,30.0,08:41,16.5,84.0,7,SW,11,1013.3,17.3,88.0,6,WSW,6,1010.2
2021-05-6,12.5,23.7,18.8,,10.0,WNW,30.0,16:15,17.8,65.0,1,W,9,1009.8,23.5,53.0,3,W,11,1006.8
2021-05-7,12.9,25.6,0.0,,8.4,W,26.0,13:31,21.2,61.0,5,WSW,6,1011.5,24.2,52.0,7,WNW,7,1009.2
2021-05-8,15.9,27.0,0.0,,8.2,WSW,15.0,10:33,21.8,66.0,1,WSW,6,1015.3,24.4,60.0,7,ENE,6,1013.6
2021-05-9,16.7,26.6,0.0,,7.2,NNE,13.0,16:43,20.1,80.0,7,S,2,1019.0,26.1,57.0,3,NE,4,1014.9
2021-05-10,16.3,28.1,0.0,,8.5,SSW,11.0,09:18,19.2,83.0,7,SW,4,1018.1,27.1,56.0,2,NNE,6,1014.0
2021-05-11,15.6,27.8,0.0,,9.6,W,37.0,01:28,20.4,75.0,3,WSW,7,1018.6,26.9,47.0,1,ENE,4,1015.3
2021-05-12,17.9,26.1,7.8,,5.4,WSW,44.0,16:46,21.7,77.0,4,SSE,2,1018.1,23.3,77.0,7,E,6,1014.6
2021-05-13,16.4,24.1,24.8,,10.1,W,33.0,11:33,20.1,71.0,1,SW,9,1014.0,23.9,40.0,1,W,11,1010.8
2021-05-14,13.8,24.8,0.0,,10.2,W,20.0,12:13,18.6,52.0,0,WSW,9,1014.7,24.4,34.0,0,SSW,6,1011.8
2021-05-15,11.2,24.2,0.0,,10.1,W,30.0,20:11,17.9,55.0,1,SW,4,1015.9,23.7,36.0,1,NW,7,1012.5
2021-05-16,11.7,22.0,0.0,,10.1,WSW,19.0,02:29,15.9,43.0,0,SSW,6,1019.8,21.1,31.0,1,E,6,1018.1
2021-05-17,8.7,22.6,0.0,,10.2,WNW,26.0,10:50,15.4,58.0,0,WSW,4,1022.4,22.3,26.0,3,SW,9,1019.6
2021-05-18,11.4,23.3,0.0,,9.9,ESE,24.0,12:29,16.5,58.0,1,SW,9,1026.8,22.1,50.0,3,ESE,11,1024.5
2021-05-19,14.5,22.1,0.0,,3.2,ENE,28.0,12:03,17.6,69.0,7,SW,4,1027.7,20.5,66.0,7,ENE,4,1025.5
2021-05-20,13.0,24.0,0.0,,9.9,E,20.0,15:17,17.8,68.0,1,SW,7,1027.2,22.4,52.0,1,ESE,7,1023.9
2021-05-21,12.2,23.4,0.0,,9.8,E,30.0,13:04,17.3,68.0,1,SSW,7,1026.2,22.3,44.0,1,SE,11,1022.9
2021-05-22,14.0,24.0,0.0,,9.7,SSE,26.0,14:14,18.6,68.0,1,SSW,6,1023.4,22.3,52.0,1,ESE,11,1020.3
2021-05-23,14.0,24.4,0.0,,9.3,S,22.0,10:41,18.5,71.0,1,SW,6,1024.0,23.3,49.0,1,SE,7,1021.7
2021-05-24,13.7,24.0,0.0,,8.2,SSE,24.0,15:35,19.0,69.0,1,SW,6,1027.1,23.2,41.0,2,SSE,9,1024.2
2021-05-25,14.1,23.9,0.0,,8.9,SSE,17.0,11:58,18.0,70.0,1,WSW,7,1025.9,22.1,58.0,3,E,6,1022.1
2021-05-26,12.5,25.6,0.0,,9.8,WSW,19.0,14:08,17.5,77.0,0,SSW,4,1022.4,25.0,42.0,1,WNW,6,1017.5
2021-05-27,13.7,24.3,0.0,,7.7,ENE,20.0,16:31,20.7,57.0,4,S,9,1021.1,24.0,43.0,2,WNW,6,1018.3
2021-05-28,11.2,21.7,0.0,0.0,9.9,SSW,17.0,13:17,16.2,54.0,0,WSW,6,1021.9,21.3,39.0,1,WNW,7,1018.3
2021-05-29,11.0,21.0,0.0,,6.7,SSW,26.0,13:27,14.8,52.0,7,WSW,9,1024.6,20.0,41.0,7,S,7,1021.9
2021-05-30,11.6,21.2,0.0,,7.4,W,22.0,10:21,16.9,55.0,6,SW,7,1023.8,20.5,47.0,7,SSW,6,1021.7
2021-05-31,12.1,21.5,0.0,,7.9,SSW,20.0,09:49,17.5,61.0,5,SW,6,1024.4,20.6,55.0,5,S,6,1021.2
2021-06-1,11.1,23.9,0.0,,8.4,WSW,19.0,10:19,16.0,73.0,1,SW,2,1025.0,22.8,43.0,5,W,4,1021.6
2021-06-2,12.7,22.8,0.0,,6.2,SSW,13.0,06:10,17.4,75.0,6,SW,2,1023.2,21.6,54.0,7,NE,4,1019.4
2021-06-3,14.9,21.9,0.0,,1.3,W,15.0,23:28,18.8,74.0,7, ,Calm,1018.4,17.4,81.0,8, ,Calm,1013.7
2021-06-4,12.0,22.0,4.4,,10.0,W,33.0,12:34,18.6,61.0,1,WSW,7,1014.0,21.9,43.0,2,WSW,9,1011.5
2021-06-5,11.6,22.5,0.0,,10.0,SW,24.0,09:01,16.8,56.0,0,WSW,9,1019.8,21.9,34.0,1,SSW,7,1018.5
2021-06-6,9.5,21.7,0.0,,10.0,WSW,15.0,09:56,14.2,67.0,1,SW,6,1024.4,21.0,43.0,1,SSW,6,1021.0
2021-06-7,9.8,22.3,0.0,,9.9,SSW,15.0,08:38,14.1,68.0,5,WSW,6,1025.0,20.7,52.0,1,ENE,7,1021.5
2021-06-8,10.5,21.1,0.0,,3.9,ENE,17.0,14:50,15.1,79.0,5, ,Calm,1020.4,19.9,66.0,7,ENE,7,1014.6
2021-06-9,14.2,18.2,1.4,,4.9,W,52.0,13:18,14.7,72.0,7,W,13,1011.0,17.4,36.0,2,W,19,1009.6
2021-06-10,9.5,19.3,0.0,,9.9,NW,28.0,13:04,13.7,44.0,1,NNW,4,1014.7,18.5,30.0,1,NNW,9,1010.2
2021-06-11,7.3,19.6,0.0,,8.6,WNW,24.0,10:14,15.3,50.0,7,W,7,1017.7,19.0,45.0,7,NW,4,1015.9
2021-06-12,7.6,21.5,0.0,,9.8,WNW,24.0,12:08,13.7,67.0,1,SW,4,1021.5,21.0,44.0,1,W,9,1017.3
2021-06-13,6.5,22.2,,,9.8,,,,16.0,57.0,6, ,Calm,1019.7,21.9,36.0,1,W,7,1015.0
2021-06-14,8.4,23.6,0.0,,8.8,SSW,15.0,08:12,12.7,70.0,4,WSW,7,1017.2,22.0,39.0,1,NE,6,1014.3
2021-06-15,11.7,21.9,0.0,,4.7,WSW,24.0,09:25,16.0,69.0,7,SW,7,1017.9,20.8,62.0,5,SSW,6,1014.7
2021-06-16,11.0,25.1,14.0,,6.9,N,19.0,20:57,12.5,99.0,8,SW,4,1019.9,21.8,59.0,6,NNE,7,1015.7
2021-06-17,12.3,23.4,0.2,,9.8,W,44.0,14:47,20.8,61.0,1,WNW,9,1015.2,22.7,29.0,0,WNW,20,1011.5
2021-06-18,8.2,21.3,0.0,,9.8,W,46.0,14:36,16.9,46.0,6,W,6,1014.1,20.4,33.0,2,W,22,1010.0
2021-06-19,11.7,19.4,0.0,,9.8,W,39.0,11:48,14.8,54.0,1,WSW,9,1014.6,18.3,44.0,1,W,17,1012.2
2021-06-20,11.1,22.8,0.0,,8.8,WSW,22.0,01:13,16.0,58.0,1,WSW,7,1017.5,22.6,43.0,5,S,7,1016.3
2021-06-21,10.5,22.7,0.0,,9.5,WSW,19.0,09:42,15.9,62.0,0,SW,7,1022.5,22.6,41.0,1,SSW,4,1020.2
2021-06-22,11.2,21.8,0.0,,8.8,E,30.0,13:12,16.5,67.0,1,SSW,6,1028.4,20.0,52.0,2,ESE,9,1025.8
2021-06-23,13.1,22.7,0.2,,5.6,NE,19.0,12:46,16.7,78.0,7,SSW,6,1028.6,20.6,60.0,7,ENE,7,1024.3
2021-06-24,15.1,22.8,0.8,,4.3,NNE,19.0,16:48,17.8,83.0,8,SSW,2,1023.3,21.6,62.0,8,NNE,4,1019.3
2021-06-25,16.4,19.7,1.4,,0.0,W,17.0,22:18,18.0,88.0,8,SW,4,1020.5,19.3,85.0,8,W,6,1018.8
2021-06-26,16.0,17.5,2.2,,0.0,W,30.0,12:34,16.2,75.0,8,SW,7,1021.7,17.4,62.0,8,WSW,7,1020.1
2021-06-27,10.7,21.7,0.0,,8.3,SE,22.0,13:40,11.6,70.0,5,SW,7,1025.7,20.3,44.0,1,ESE,7,1023.2
2021-06-28,9.4,21.8,0.0,,8.6,SE,26.0,14:59,13.9,66.0,1,SW,7,1027.7,20.5,45.0,3,SE,11,1024.9
2021-06-29,12.2,21.4,0.0,,7.0,ESE,28.0,12:20,16.5,75.0,2,SW,6,1028.8,20.4,56.0,3,SE,13,1026.2
2021-06-30,13.1,21.1,1.8,,6.2,E,19.0,15:48,15.5,88.0,8, ,Calm,1028.3,19.1,76.0,3,S,2,1024.7
2021-07-1,11.9,20.5,7.0,,2.8,NNE,20.0,14:25,15.5,84.0,5,WSW,6,1025.0,18.6,83.0,7,NNE,2,1021.4
2021-07-2,15.0,20.9,7.0,,2.7,WNW,33.0,13:00,17.1,95.0,7, ,Calm,1020.9,18.6,85.0,7, ,Calm,1018.0
2021-07-3,16.4,17.8,17.8,,0.0,E,17.0,11:43,16.6,98.0,8,ENE,6,1018.2,17.6,93.0,8,SW,4,1016.1
2021-07-4,13.9,23.5,2.8,,8.2,WSW,17.0,01:10,17.4,75.0,1,SW,7,1019.5,22.6,49.0,5,W,7,1017.2
2021-07-5,10.4,19.8,0.0,,7.6,W,26.0,14:35,13.7,56.0,7,SW,7,1021.0,18.5,33.0,6,W,9,1017.0
2021-07-6,10.2,20.9,0.0,,6.6,SW,17.0,10:37,12.4,60.0,7,SW,6,1020.8,20.1,47.0,5,SSW,2,1018.4
2021-07-7,8.0,22.0,0.0,,9.8,SW,17.0,09:16,12.9,75.0,1,SW,6,1024.0,21.3,38.0,1,W,4,1021.4
2021-07-8,10.7,19.8,0.0,,3.6,WSW,15.0,10:20,14.6,65.0,7,WSW,6,1024.3,19.3,63.0,7,NE,4,1020.0
2021-07-9,12.8,22.7,10.0,,3.0,W,26.0,20:15,15.4,97.0,8, ,Calm,1015.8,22.3,62.0,3,WSW,7,1010.4
2021-07-10,12.4,20.2,1.4,,9.8,W,44.0,11:47,14.4,58.0,1,W,17,1016.1,19.6,34.0,1,W,20,1014.2
2021-07-11,10.6,22.4,0.2,,9.3,S,28.0,12:27,16.2,58.0,1,SW,9,1022.0,21.7,44.0,1,SSW,7,1019.7
2021-07-12,10.7,20.7,0.0,,7.5,E,19.0,15:44,14.8,67.0,5,SW,7,1023.6,18.3,60.0,7,E,7,1020.4
2021-07-13,10.5,22.9,0.0,,7.8,N,13.0,15:41,15.4,72.0,1,SW,6,1022.6,19.8,60.0,3,ENE,6,1018.7
2021-07-14,12.5,22.6,0.0,,4.9,NNE,31.0,15:08,15.2,82.0,7,WSW,2,1021.3,21.0,57.0,6,NNE,11,1016.1
2021-07-15,14.4,24.6,0.0,,4.8,NNE,20.0,02:56,16.7,82.0,7, ,Calm,1015.1,23.6,62.0,4,NE,2,1009.7
2021-07-16,16.7,26.1,0.2,,4.7,W,46.0,14:51,23.6,63.0,6,NW,11,1005.9,20.0,60.0,7,WSW,24,1004.9
2021-07-17,14.4,21.1,0.6,,9.9,W,54.0,13:37,16.8,36.0,1,W,17,1009.6,20.8,33.0,1,W,19,1005.9
2021-07-18,10.1,20.2,0.0,,9.6,W,30.0,08:54,14.9,40.0,1,W,17,1015.8,20.0,32.0,2,W,9,1014.2
2021-07-19,8.8,22.3,0.0,,9.3,WNW,22.0,13:33,12.8,67.0,4,WSW,2,1019.7,21.5,38.0,1,NNW,6,1015.2
2021-07-20,6.0,19.7,0.0,,10.2,W,41.0,12:41,15.8,48.0,1,W,9,1015.6,19.5,30.0,1,W,13,1010.5
2021-07-21,12.5,17.4,0.0,,9.5,W,48.0,12:03,13.5,53.0,1,W,15,1013.6,17.1,36.0,3,WSW,13,1011.6
2021-07-22,7.3,20.4,0.0,,9.8,WSW,20.0,10:11,12.6,54.0,1,SW,9,1019.6,19.6,41.0,1,NE,6,1015.8
2021-07-23,9.0,20.7,0.0,,1.7,WSW,17.0,06:37,14.1,72.0,7,SSW,4,1016.7,16.6,78.0,8,N,4,1010.6
2021-07-24,13.1,22.1,4.2,,9.8,W,44.0,11:46,19.1,68.0,1,W,6,1010.0,21.5,38.0,1,WNW,17,1007.9
2021-07-25,14.0,21.1,0.0,,10.1,WNW,59.0,10:40,17.4,38.0,1,W,19,1013.1,20.8,28.0,1,W,20,1011.9
2021-07-26,7.0,22.1,0.0,,8.9,W,22.0,12:42,14.4,44.0,7,WSW,7,1021.8,21.3,27.0,7,SW,6,1018.9
2021-07-27,6.2,23.1,0.0,,9.6,NNE,20.0,16:44,13.8,58.0,1,W,4,1022.9,21.7,52.0,1,NNE,6,1019.1
2021-07-28,10.2,24.7,0.0,,9.4,NNW,30.0,12:11,15.4,73.0,1,SSW,2,1019.6,24.1,48.0,1,NNE,6,1013.5
2021-07-29,14.9,25.7,0.0,,8.4,WSW,37.0,14:56,20.7,67.0,4,ENE,2,1013.0,24.8,30.0,1,W,19,1011.3
2021-07-30,9.1,21.9,0.0,,10.2,NE,19.0,15:22,14.7,52.0,1,SW,6,1022.2,20.8,41.0,2,NE,9,1019.6
2021-07-31,9.0,22.4,0.0,,9.9,ENE,20.0,13:23,14.9,69.0,1,SW,2,1022.1,21.2,53.0,1,NNE,7,1017.1
2021-08-1,10.3,25.8,0.0,,9.9,,,,18.5,69.0,1, ,Calm,1017.5,24.7,58.0,0,NE,6,1012.4
2021-08-2,14.1,24.6,,,8.3,ENE,24.0,16:16,20.8,77.0,3,SSE,4,1017.8,22.5,62.0,4,E,11,1016.0
2021-08-3,16.3,25.2,0.0,,2.4,W,41.0,21:28,19.4,87.0,7,NNE,2,1017.5,22.1,73.0,7,NE,4,1013.8
2021-08-4,13.1,20.2,0.0,,10.5,W,46.0,14:02,16.1,42.0,1,W,9,1018.5,19.7,30.0,1,W,20,1014.8
2021-08-5,8.6,21.1,0.0,,10.3,WNW,31.0,15:27,14.0,46.0,0,WSW,9,1020.1,21.0,33.0,0,WSW,9,1016.7
2021-08-6,9.5,22.5,0.0,,10.3,W,17.0,08:57,15.9,54.0,1,SW,7,1023.8,21.5,35.0,1,ESE,2,1020.5
2021-08-7,9.2,23.2,0.0,,7.3,,,,13.3,75.0,6,SW,2,1026.5,22.7,37.0,1,ENE,4,1022.1
2021-08-8,7.0,23.2,0.0,,9.7,ESE,33.0,15:18,15.1,57.0,0,SW,6,1027.6,21.6,51.0,1,SE,11,1024.7
2021-08-9,14.1,21.1,1.4,,2.1,ESE,28.0,13:24,15.5,84.0,7,S,4,1029.9,19.2,52.0,4,E,11,1026.7
2021-08-10,12.3,21.4,0.0,,4.3,E,24.0,11:29,16.0,71.0,7,SW,4,1030.1,20.6,51.0,6,ENE,9,1027.1
2021-08-11,11.4,22.4,0.2,,7.1,ENE,22.0,14:12,15.2,79.0,7,WNW,6,1030.3,21.6,54.0,1,N,9,1026.4
2021-08-12,12.4,23.9,0.0,,10.2,NE,22.0,14:46,17.8,75.0,1,SW,4,1028.1,22.7,57.0,1,NNE,9,1024.4
2021-08-13,15.4,25.9,0.2,,9.2,E,19.0,15:57,19.9,72.0,1,WSW,6,1026.5,24.2,51.0,2,NNE,6,1022.4
2021-08-14,15.2,25.1,1.8,,6.3,E,17.0,14:12,17.2,86.0,7,SSW,6,1027.6,23.7,51.0,1,ENE,9,1023.9
2021-08-15,14.3,25.5,0.0,,9.5,NNE,19.0,17:04,17.7,83.0,1,SW,6,1027.1,22.1,57.0,3,NNE,7,1022.5
2021-08-16,13.8,26.8,0.0,,9.7,W,28.0,13:26,19.6,69.0,1,SW,2,1023.3,25.4,38.0,6,W,9,1018.6
2021-08-17,12.1,24.9,0.0,,10.5,ENE,20.0,16:21,18.3,36.0,0,SSW,7,1020.7,24.3,18.0,1,WNW,4,1017.2
2021-08-18,12.8,19.2,0.0,,0.2,SE,24.0,12:21,15.5,73.0,7,SSW,4,1024.2,19.1,58.0,8,SE,4,1021.5
2021-08-19,11.2,22.5,0.0,,9.6,E,22.0,14:30,16.6,67.0,1,SW,7,1025.3,21.2,53.0,3,ENE,9,1021.7
2021-08-20,11.7,24.8,0.2,,10.6,NE,17.0,14:46,18.5,61.0,1,SW,6,1024.0,22.4,49.0,1,N,6,1019.6
2021-08-21,12.0,26.4,0.0,,10.7,NNE,17.0,13:32,18.9,68.0,0,S,4,1023.0,24.8,48.0,1,NNE,7,1018.6
2021-08-22,12.7,25.7,0.0,,10.4,NE,20.0,13:38,19.3,63.0,0,SSW,4,1023.9,24.1,50.0,1,NE,11,1019.9
2021-08-23,13.7,24.9,0.0,,,NNE,28.0,17:01,19.1,76.0,1,SW,6,1021.5,23.3,52.0,1,NE,9,1016.4
2021-08-24,13.8,21.0,4.2,,,W,56.0,13:25,13.8,85.0,7,W,17,1013.7,20.2,29.0,1,W,22,1010.8
2021-08-25,10.0,20.8,0.4,,,WSW,35.0,12:15,14.7,46.0,0,WSW,13,1016.6,20.5,33.0,1,W,15,1013.4
2021-08-26,9.6,21.9,,,10.3,,,,14.7,43.0,4,W,11,1018.9,21.6,19.0,1,W,9,1014.8
2021-08-27,,23.4,,,11.2,,,,16.6,41.0,0,WSW,6,1019.9,22.9,20.0,1,WSW,13,1015.5
2021-08-28,8.3,24.7,0.0,,11.0,NNE,19.0,15:56,16.0,45.0,1,SSW,4,1020.5,23.7,29.0,1,NNE,7,1014.8
2021-08-29,10.4,24.7,0.0,,8.8,NNW,22.0,20:29,15.8,51.0,7,SSW,4,1018.2,24.2,52.0,1,NE,7,1012.4
2021-08-30,10.4,28.0,0.0,,10.0,ENE,20.0,16:13,20.7,44.0,0,S,7,1019.5,24.5,33.0,7,ENE,9,1016.7
2021-08-31,14.6,25.7,0.0,,5.3,NE,17.0,16:08,18.6,65.0,7,SW,4,1023.9,24.0,60.0,1,NE,9,1020.8
2021-09-1,16.9,26.8,0.0,,8.3,ENE,22.0,15:05,21.0,75.0,4,S,2.0,1027.4,25.0,53.0,1,ENE,11.0,1024.0
2021-09-2,16.4,23.7,3.4,,10.2,ENE,35.0,12:41,21.1,61.0,2,E,9.0,1029.6,21.9,49.0,1,ESE,13.0,1026.5
2021-09-3,15.2,24.5,0.2,,,NE,31.0,10:39,18.6,79.0,7,WSW,2.0,1027.0,22.6,54.0,7,ENE,11.0,1023.5
2021-09-4,14.4,24.3,2.2,,,NNE,24.0,14:13,19.4,74.0,4,SW,4.0,1024.3,22.1,59.0,2,NE,11.0,1019.9
2021-09-5,15.0,24.4,0.0,,3.0,W,35.0,20:28,19.2,74.0,7,WSW,4.0,1020.0,20.7,77.0,7,NE,2.0,1016.4
2021-09-6,11.1,23.8,0.2,,9.9,WSW,24.0,00:01,15.7,48.0,6,SW,7.0,1024.5,23.4,24.0,2,WSW,6.0,1019.9
2021-09-7,10.8,24.2,0.0,,11.0,S,30.0,08:38,18.1,34.0,0,SSW,11.0,1028.3,22.9,23.0,0,SSE,6.0,1024.5
2021-09-8,9.8,23.9,0.0,,,E,22.0,14:05,17.4,53.0,1,SW,6.0,1030.7,23.3,43.0,2,E,7.0,1027.5
2021-09-9,12.3,25.0,0.0,,10.3,N,19.0,13:39,18.7,62.0,1,SSW,7.0,1031.0,23.0,43.0,1,NNE,9.0,1026.3
2021-09-10,12.1,30.1,0.0,,10.7,WSW,19.0,12:50,19.9,59.0,0,S,4.0,1025.1,29.2,23.0,0,N,6.0,1019.7
2021-09-11,12.3,25.9,0.0,,11.0,NNE,24.0,16:08,20.2,54.0,0,WSW,4.0,1021.7,24.5,44.0,1,NNE,9.0,1017.7
2021-09-12,12.0,26.1,0.0,,10.7,NNE,33.0,16:10,21.3,54.0,1,NW,7.0,1018.0,24.2,53.0,1,NNE,13.0,1013.0
2021-09-13,14.7,28.9,0.0,,,NE,24.0,16:28,23.8,55.0,1,WNW,6.0,1013.9,24.1,73.0,7,NNE,7.0,1009.9
2021-09-14,14.2,22.5,0.8,,,W,44.0,12:13,18.4,35.0,1,SW,9.0,1017.2,21.4,19.0,2,W,22.0,1014.2
2021-09-15,10.6,24.9,0.0,,11.1,S,24.0,09:04,17.8,40.0,0,S,11.0,1020.5,23.8,23.0,1,SE,9.0,1016.7
2021-09-16,11.4,24.1,0.0,,10.4,ENE,28.0,16:16,18.4,48.0,1,SSW,6.0,1022.3,21.8,46.0,1,ENE,11.0,1018.3
2021-09-17,12.0,24.8,0.0,,11.0,ENE,24.0,14:10,19.1,55.0,1,SW,6.0,1024.1,22.7,52.0,1,NNE,9.0,1020.5
2021-09-18,13.5,25.2,0.0,,8.9,NE,30.0,15:20,21.4,59.0,1,W,4.0,1024.7,23.3,52.0,4,NE,11.0,1020.1
2021-09-19,15.5,28.2,0.0,,10.9,ENE,24.0,13:42,23.4,51.0,1,S,6.0,1023.1,26.4,35.0,1,ENE,11.0,1019.3
2021-09-20,15.2,26.9,0.0,,10.8,NE,30.0,14:34,22.7,64.0,1,NNW,2.0,1020.9,25.3,60.0,1,NNE,13.0,1013.5
2021-09-21,16.9,24.7,0.0,,11.1,W,54.0,13:26,22.3,36.0,1,WSW,13.0,1011.7,20.3,20.0,2,WSW,26.0,1012.4
2021-09-22,,,0.0,,11.3,,,,16.7,35.0,1,WSW,15.0,1021.3,,,1,,,
2021-09-23,,,,,11.4,,,,,,1,,,,23.8,32.0,0,NE,9.0,1019.0
2021-09-24,,27.0,,,11.2,NE,28.0,16:28,20.7,57.0,0,SW,4.0,1020.8,24.7,50.0,1,NNE,11.0,1014.9
2021-09-25,12.1,28.8,0.0,,10.8,NE,22.0,14:19,22.4,49.0,6,N,2.0,1017.4,25.1,47.0,4,NNE,7.0,1013.1
2021-09-26,16.6,26.0,0.0,,4.2,ESE,39.0,18:58,22.5,59.0,7,SE,11.0,1019.2,22.6,57.0,7,ESE,13.0,1017.2
2021-09-27,15.2,19.8,0.4,,0.5,SSE,24.0,09:47,18.7,68.0,8,SE,7.0,1023.9,19.3,53.0,7,E,13.0,1020.7
2021-09-28,13.9,21.8,0.0,,2.0,ESE,24.0,11:51,19.5,49.0,8,E,11.0,1023.7,20.6,48.0,8,ENE,11.0,1020.5
2021-09-29,13.0,23.6,0.2,,1.0,NNE,31.0,12:42,20.7,61.0,8,NE,7.0,1022.7,21.4,55.0,8,NNE,13.0,1019.4
2021-09-30,17.1,26.7,3.4,,7.0,NNE,28.0,15:47,20.5,75.0,7,WNW,9.0,1018.9,22.9,73.0,6,NE,9.0,1012.9
2021-10-1,15.6,27.7,15.0,,4.1,W,30.0,18:30,19.0,80.0,7,W,9,1012.2,25.7,52.0,2,NE,9,1005.0
2021-10-2,12.6,28.9,8.8,,11.2,WNW,35.0,12:08,19.2,70.0,0,WSW,4,1008.5,28.5,26.0,3,W,17,1003.0
2021-10-3,14.0,30.9,0.0,,11.6,WSW,26.0,12:05,24.5,44.0,3,N,2,1008.5,28.0,31.0,1,NE,13,1003.6
2021-10-4,15.3,36.6,0.0,,10.8,W,30.0,15:01,24.1,64.0,1,NE,2,1005.4,36.0,15.0,1,W,15,1000.5
2021-10-5,15.8,31.0,0.0,,,WNW,33.0,15:23,25.3,21.0,0,WSW,6,1012.0,30.3,12.0,0,WSW,15,1008.1
2021-10-6,14.6,27.1,0.0,,,ENE,22.0,13:27,23.0,29.0,0,S,6,1016.8,24.6,36.0,0,ENE,11,1013.5
2021-10-7,14.2,26.4,0.0,,8.6,E,26.0,11:39,23.2,55.0,1,N,4,1016.9,24.2,55.0,7,NNE,9,1013.0
2021-10-8,16.8,29.1,0.6,,11.3,ENE,30.0,13:10,25.0,44.0,1,SSW,7,1017.3,26.2,52.0,1,E,11,1015.4
2021-10-9,17.9,27.7,0.0,,,ENE,26.0,14:16,24.2,64.0,3,NNE,4,1019.9,26.0,50.0,1,NNE,11,1016.0
2021-10-10,19.8,28.1,0.0,,,NE,31.0,17:31,25.2,52.0,1,N,2,1017.6,25.8,54.0,1,NNE,15,1011.5
2021-10-11,18.9,28.3,0.0,,7.1,ENE,24.0,12:52,24.1,56.0,7,NNE,6,1012.3,25.6,57.0,7,NE,9,1008.1
2021-10-12,16.1,22.4,35.2,,0.7,S,28.0,15:37,18.2,86.0,8,SW,2,1011.3,21.6,72.0,7,S,9,1008.5
2021-10-13,16.8,24.9,0.6,,7.8,SE,31.0,11:49,20.0,84.0,7,ESE,9,1013.4,22.8,67.0,3,ENE,13,1011.0
2021-10-14,17.1,26.2,51.4,,,N,26.0,23:36,18.3,94.0,8,NE,7,1013.8,23.9,57.0,7,ENE,11,1010.1
2021-10-15,18.1,30.1,0.8,,,WSW,31.0,09:57,26.2,71.0,5,NNE,4,1008.2,26.8,55.0,1,NNE,13,1004.3
2021-10-16,12.1,27.7,0.2,,12.8,WSW,48.0,09:31,23.0,34.0,1,WSW,13,1010.4,27.4,19.0,1,W,17,1007.0
2021-10-17,12.5,27.6,0.0,,12.1,E,24.0,13:00,22.4,32.0,0,WNW,6,1016.3,26.1,30.0,1,ENE,9,1011.9
2021-10-18,17.0,26.1,0.0,,,ENE,31.0,13:19,24.1,62.0,7,NE,4,1017.8,23.1,74.0,8,NNE,9,1014.3
2021-10-19,14.9,28.4,18.0,,,W,19.0,08:44,19.9,73.0,2,SW,7,1017.2,26.7,42.0,2,NE,7,1012.4
2021-10-20,16.0,27.3,0.0,,11.5,ENE,33.0,13:22,24.5,60.0,1,SE,6,1015.4,23.8,67.0,7,NE,11,1011.9
2021-10-21,16.6,26.7,2.4,,8.5,ENE,33.0,13:30,23.7,68.0,7,N,2,1014.8,22.4,61.0,7,ENE,13,1012.0
2021-10-22,18.4,26.9,9.2,,6.4,NE,30.0,15:27,21.6,88.0,7,NNE,6,1016.2,25.9,64.0,2,NNE,7,1013.8
2021-10-23,20.8,29.8,0.2,,7.3,NNE,30.0,15:47,25.6,68.0,7,NW,2,1017.4,27.3,67.0,1,NE,11,1012.6
2021-10-24,20.5,33.3,2.6,,11.2,W,35.0,10:15,29.7,35.0,3,W,13,1013.4,33.1,25.0,7,W,13,1011.2
2021-10-25,20.1,27.5,0.2,,7.0,NE,31.0,13:49,25.9,62.0,5,NE,6,1016.6,25.6,64.0,7,NNE,7,1013.2
2021-10-26,20.4,27.1,1.4,,6.3,E,31.0,16:34,24.9,59.0,7,ENE,2,1018.2,25.0,59.0,5,E,13,1015.1
2021-10-27,20.2,28.3,0.0,,10.5,NNE,28.0,19:39,25.7,64.0,5,NE,4,1018.9,27.0,55.0,1,NNE,9,1015.0
2021-10-28,22.9,30.1,0.0,,10.5,NE,30.0,14:21,26.5,63.0,3,NNW,4,1015.6,28.2,62.0,1,NNE,15,1010.0
2021-10-29,22.1,29.5,0.4,,,WSW,33.0,14:00,25.6,66.0,7,SSW,4,1013.2,25.1,55.0,8,WSW,15,1013.2
2021-10-30,20.1,33.0,0.4,,,ENE,26.0,15:12,27.3,55.0,6,W,9,1014.4,31.0,47.0,7,NE,9,1010.8
2021-10-31,19.4,23.6,12.0,,8.4,SE,39.0,09:18,23.5,60.0,7,SE,15,1020.7,22.7,52.0,7,ESE,15,1021.4
2021-11-1,16.0,24.1,0.0,,4.7,E,28.0,13:48,21.4,55.0,7,E,7.0,1026.2,22.7,47.0,7,E,9,1023.7
2021-11-2,17.6,25.4,0.0,,2.4,ENE,28.0,13:17,22.5,58.0,7,E,9.0,1025.6,23.0,54.0,7,ENE,11,1023.3
2021-11-3,17.2,24.3,0.2,,9.0,E,35.0,11:36,23.8,55.0,3,ESE,7.0,1025.6,23.3,54.0,7,ENE,15,1022.3
2021-11-4,14.6,25.3,0.0,,7.9,NE,26.0,12:26,23.7,48.0,5,ENE,9.0,1022.1,24.1,55.0,6,ENE,9,1018.9
2021-11-5,17.4,25.3,0.0,,2.4,E,24.0,14:46,22.6,57.0,7,E,6.0,1020.3,23.0,63.0,7,ENE,13,1016.8
2021-11-6,17.7,25.3,1.2,,9.5,E,24.0,14:07,21.6,70.0,7,ESE,6.0,1016.9,24.2,61.0,7,ENE,11,1013.1
2021-11-7,20.3,27.2,0.0,,6.5,NE,31.0,16:11,25.2,60.0,7,NNW,7.0,1013.5,25.8,62.0,7,NNE,13,1009.2
2021-11-8,20.8,28.4,12.6,,5.3,NNE,26.0,08:25,22.1,79.0,8,N,6.0,1009.4,25.6,81.0,8,WNW,4,1006.3
2021-11-9,21.9,29.1,2.4,,6.5,E,26.0,15:59,25.5,63.0,8,E,6.0,1012.2,27.5,61.0,5,ENE,15,1009.6
2021-11-10,22.9,29.5,0.0,,7.5,NE,30.0,16:25,25.6,79.0,7,ENE,9.0,1011.9,26.8,76.0,6,NNE,9,1007.4
2021-11-11,23.4,31.4,2.4,,3.6,WSW,30.0,15:03,28.9,63.0,7,N,7.0,1007.1,25.7,85.0,8,W,7,1005.1
2021-11-12,22.9,29.5,26.6,,1.7,W,33.0,23:16,24.6,88.0,8,NNW,2.0,1003.2,28.8,64.0,7,NNE,9,999.3
2021-11-13,17.2,27.4,0.2,,13.0,W,46.0,11:05,21.7,38.0,1,WSW,20.0,1008.3,26.8,26.0,2,WNW,19,1005.7
2021-11-14,12.1,28.3,0.0,,13.0,,,,23.7,29.0,1,WSW,7.0,1013.2,27.8,22.0,1,WNW,15,1008.9
2021-11-15,12.8,30.5,0.0,,13.2,,,,25.7,30.0,0,,,1013.2,30.3,19.0,0,W,13,1009.1
2021-11-16,16.3,29.4,0.0,,11.3,E,22.0,17:37,25.4,30.0,5,SSW,2.0,1015.7,28.4,24.0,6,ENE,11,1013.0
2021-11-17,19.7,26.2,0.0,,,E,35.0,17:20,24.7,59.0,5,E,15.0,1021.3,24.4,54.0,6,E,15,1018.9
2021-11-18,19.4,25.9,0.6,,,ENE,26.0,13:33,22.4,63.0,7,ENE,4.0,1022.4,24.1,55.0,6,ENE,13,1018.0
2021-11-19,16.5,27.8,0.0,,12.6,ENE,22.0,12:21,24.1,54.0,2,NNW,6.0,1018.7,27.2,52.0,6,N,7,1015.1
2021-11-20,18.4,30.1,0.0,,11.0,NNE,26.0,16:27,26.5,54.0,1,ENE,4.0,1015.5,28.3,55.0,4,NNE,9,1012.0
2021-11-21,22.0,27.5,0.0,,,NNE,17.0,18:36,26.0,56.0,7,NE,6.0,1013.3,26.9,56.0,7,NE,7,1011.5
2021-11-22,19.3,25.9,23.6,,4.6,E,26.0,16:10,21.8,94.0,7,NNW,2.0,1014.3,24.8,65.0,7,E,11,1012.4
2021-11-23,19.4,26.8,13.2,,,ESE,30.0,14:05,24.3,72.0,7,ESE,11.0,1016.2,23.1,85.0,7,E,11,1014.2
2021-11-24,20.2,27.5,121.0,,5.0,ENE,33.0,10:40,22.9,93.0,7,ESE,4.0,1015.9,26.1,71.0,7,ENE,9,1013.0
2021-11-25,21.4,26.1,13.2,,0.0,NNE,19.0,12:27,24.2,87.0,8,ENE,4.0,1013.3,23.6,90.0,8,NNW,6,1010.7
2021-11-26,22.8,28.6,9.8,,5.3,NE,31.0,14:19,25.1,87.0,7,NNW,4.0,1008.7,26.7,74.0,7,NNE,11,1005.2
2021-11-27,21.9,27.7,0.2,,,SE,24.0,20:03,26.0,72.0,7,SE,4.0,1010.9,25.0,69.0,8,E,9,1010.5
2021-11-28,20.8,28.1,0.0,,5.8,SE,30.0,09:55,25.0,62.0,7,SE,11.0,1016.7,26.2,59.0,6,SE,9,1015.1
2021-11-29,21.0,27.0,0.0,,1.3,ESE,31.0,16:51,25.0,63.0,8,SE,11.0,1017.9,25.6,62.0,8,E,11,1015.6
2021-11-30,20.5,23.0,30.2,,0.0,ESE,22.0,11:15,21.4,94.0,8,ESE,2.0,1015.6,22.9,91.0,8,SE,6,1012.0
2021-12-1,20.8,26.7,75.4,,1.0,E,17.0,17:51,22.3,91.0,8,SSW,4,1013.1,23.5,86.0,8, ,Calm,1011.0
2021-12-2,21.8,29.5,5.2,,8.6,E,19.0,14:56,26.5,69.0,5,SSE,4,1013.2,27.5,66.0,6,E,9,1010.7
2021-12-3,21.2,30.4,,,12.5,ESE,24.0,16:49,27.6,59.0,4,SE,7,1014.8,29.7,58.0,2,E,11,1012.2
2021-12-4,20.4,30.1,,,10.7,S,46.0,19:30,27.6,59.0,2,NE,6,1013.2,29.5,53.0,1,NE,7,1008.8
2021-12-5,18.9,27.9,,,12.1,ESE,31.0,14:06,24.4,65.0,7,S,7,1014.6,26.9,53.0,3,ESE,11,1013.0
2021-12-6,18.6,28.1,,,8.8,E,28.0,11:55,23.6,72.0,4,WSW,6,1016.3,26.1,61.0,6,ENE,15,1013.2
2021-12-7,20.2,28.4,,,6.5,ENE,20.0,15:15,25.9,67.0,7,E,7,1014.0,26.9,63.0,5,ENE,11,1011.7
2021-12-8,21.7,29.3,,,3.6,S,33.0,14:52,26.2,65.0,8,WNW,4,1013.2,23.4,66.0,8,S,17,1012.1
2021-12-9,19.6,32.0,,,11.2,WNW,33.0,18:48,26.3,55.0,1,WSW,6,1010.4,28.9,63.0,3,NNE,7,1005.8
2021-12-10,20.0,31.5,17.8,,11.5,W,28.0,13:45,26.6,65.0,3,WSW,6,1008.7,30.3,39.0,3,W,13,1005.6
2021-12-11,17.7,30.1,,,13.2,E,28.0,13:00,26.4,38.0,0,SW,7,1011.5,26.9,51.0,3,E,15,1009.4
2021-12-12,20.4,28.1,0.0,,12.5,E,28.0,13:18,25.7,60.0,4,ESE,6,1014.3,26.2,55.0,1,E,13,1011.6
2021-12-13,19.9,27.9,0.0,,11.6,E,28.0,15:17,26.3,56.0,3,SE,6,1013.2,26.4,58.0,1,E,15,1009.9
2021-12-14,19.3,31.1,0.0,,12.9,E,26.0,17:06,26.3,49.0,1,SSE,4,1012.6,29.1,41.0,1,E,11,1009.0
2021-12-15,18.7,30.5,0.0,,,E,20.0,16:20,25.8,51.0,1,SW,6,1012.9,28.9,47.0,1,E,9,1009.9
2021-12-16,19.9,31.1,0.0,,,ENE,20.0,15:41,26.8,59.0,2,SSE,2,1012.3,29.7,39.0,6,ENE,9,1010.3
2021-12-17,20.9,29.8,0.0,,8.9,NE,22.0,10:30,27.7,57.0,4,E,9,1015.8,25.5,69.0,6,ESE,11,1013.9
2021-12-18,20.4,29.7,1.6,,12.9,ENE,22.0,17:33,27.2,59.0,3,ENE,6,1018.2,28.3,55.0,1,ENE,11,1015.2
2021-12-19,19.2,29.7,0.0,,,ENE,24.0,12:04,27.1,57.0,3,E,2,1017.4,29.2,45.0,1,N,9,1013.4
2021-12-20,21.7,33.3,0.0,,,NNE,22.0,18:12,28.0,57.0,7,WSW,2,1015.2,30.9,54.0,7,NNE,9,1012.0
2021-12-21,23.2,32.5,0.0,,,ENE,24.0,15:24,29.5,51.0,7,NW,2,1014.8,31.1,55.0,7,NNE,7,1011.2
2021-12-22,22.2,31.5,0.0,,12.1,NNE,26.0,15:50,28.3,55.0,2,WNW,4,1011.9,30.3,48.0,6,ENE,11,1008.0
2021-12-23,21.2,31.1,0.0,,9.3,SSE,31.0,14:23,27.8,61.0,7,E,4,1011.1,23.8,90.0,7,N,6,1009.6
2021-12-24,22.5,31.6,17.0,,,E,37.0,13:06,27.6,73.0,5,WSW,6,1012.0,25.2,73.0,7,ESE,9,1009.3
2021-12-25,22.8,30.0,0.0,,,ENE,33.0,13:26,27.0,65.0,7,SSE,6,1012.4,24.4,83.0,8,NE,4,1010.5
2021-12-26,20.8,28.4,7.6,,3.0,E,26.0,12:34,25.8,74.0,7,S,6,1012.3,27.1,62.0,7,ESE,7,1009.5
2021-12-27,21.3,28.9,0.0,,4.3,SE,24.0,16:44,27.8,59.0,7,SSE,7,1010.1,22.1,87.0,8,S,7,1008.0
2021-12-28,19.6,25.7,14.6,,1.7,SE,44.0,12:05,23.3,60.0,8,SSE,15,1012.9,24.7,50.0,8,SE,19,1012.0
2021-12-29,19.1,26.9,0.0,,2.7,SE,35.0,17:02,23.6,59.0,8,SE,9,1014.1,24.8,56.0,7,ESE,11,1011.9
2021-12-30,17.8,27.7,0.0,,7.7,E,33.0,14:05,22.6,65.0,7,SSE,7,1014.6,25.4,55.0,5,ESE,13,1012.9
2021-12-31,18.9,25.6,0.0,,2.2,E,35.0,13:24,24.7,62.0,8,SE,11,1013.8,24.0,72.0,8,E,11,1011.7
2022-01-1,20.9,26.6,,,0.3,ENE,20.0,14:59,22.7,85.0,8,SSE,6,1012.0,23.1,75.0,8,ESE,7,1010.1
2022-01-2,19.5,27.7,,,7.8,SE,28.0,12:25,26.2,58.0,7,S,11,1007.9,26.7,57.0,7,S,7,1005.1
2022-01-3,20.5,30.2,0.0,,10.1,S,43.0,11:41,26.4,53.0,5,SSW,15,1002.8,29.2,47.0,7,S,19,1001.2
2022-01-4,22.9,31.8,0.0,,8.6,SSW,35.0,10:48,28.1,55.0,7,SSW,13,1002.1,31.1,48.0,6,S,15,1001.5
2022-01-5,23.4,30.3,0.2,,9.3,SE,31.0,10:13,27.9,64.0,6,SE,13,1005.1,29.4,63.0,4,ESE,13,1004.0
2022-01-6,23.2,30.0,3.8,,5.0,E,35.0,11:19,28.0,69.0,7,ESE,9,1009.5,27.8,65.0,7,E,15,1009.1
2022-01-7,24.8,28.8,0.0,,0.6,ENE,43.0,09:34,27.1,76.0,8,E,17,1012.0,25.2,86.0,8,E,11,1010.9
2022-01-8,23.7,27.6,9.4,,0.0,ENE,22.0,13:07,25.0,87.0,8,ENE,6,1012.2,26.6,77.0,8,ENE,7,1010.7
2022-01-9,23.5,30.3,0.6,,7.4,ENE,24.0,11:52,26.1,79.0,7,E,2,1014.0,28.4,63.0,3,NE,7,1012.5
2022-01-10,21.5,30.4,,,12.9,ENE,28.0,13:29,27.9,63.0,2,ESE,9,1017.8,29.1,51.0,1,E,13,1016.6
2022-01-11,22.6,29.8,0.2,,11.5,E,33.0,12:43,27.9,55.0,7,E,13,1018.2,28.8,53.0,1,E,13,1016.2
2022-01-12,19.4,29.7,0.0,,,ENE,31.0,14:38,24.8,70.0,7,WSW,6,1017.3,28.4,49.0,1,E,15,1014.1
2022-01-13,20.4,29.8,0.2,,,E,30.0,16:14,27.1,55.0,5,ESE,9,1015.8,29.4,47.0,1,ESE,13,1012.7
2022-01-14,19.8,29.6,0.0,,10.9,E,28.0,13:31,26.0,63.0,6,SSW,4,1012.4,28.5,54.0,5,NE,11,1009.2
2022-01-15,19.9,30.7,0.0,,13.0,NNE,26.0,18:23,27.3,57.0,2,N,2,1009.7,30.0,53.0,1,ENE,11,1007.3
2022-01-16,21.2,31.4,4.2,,,SSW,35.0,02:18,25.7,73.0,7,SW,4,1009.0,30.4,56.0,5,NE,9,1006.2
2022-01-17,23.5,32.4,,,,ENE,26.0,14:58,29.6,56.0,1,NE,6,1010.8,30.6,56.0,6,ENE,11,1008.9
2022-01-18,24.0,31.5,0.0,,,ENE,26.0,14:20,28.0,62.0,7,ENE,6,1012.3,29.8,57.0,7,NE,11,1009.4
2022-01-19,22.7,32.4,0.0,,10.2,,,,27.1,73.0,6, ,Calm,1012.4,30.4,52.0,3,ENE,13,1010.2
2022-01-20,21.7,26.7,,,0.0,SE,30.0,14:50,24.5,80.0,8,SE,11,1016.0,23.4,84.0,8,SE,11,1016.5
2022-01-21,21.0,28.0,19.2,,,SE,44.0,13:59,24.9,58.0,7,SE,19,1021.1,26.5,50.0,6,SE,15,1019.8
2022-01-22,19.3,27.7,1.6,,,E,35.0,13:21,23.2,80.0,7,SSW,6,1018.2,24.9,61.0,7,SE,9,1015.8
2022-01-23,19.3,28.3,2.0,,10.2,ESE,28.0,15:28,25.0,60.0,5,SE,9,1014.4,27.2,55.0,5,E,13,1011.4
2022-01-24,19.4,29.8,0.0,,10.4,ENE,22.0,15:36,25.7,60.0,7,WSW,6,1012.5,27.5,58.0,7,ENE,11,1008.7
2022-01-25,21.8,30.5,0.0,,6.7,E,17.0,16:40,27.2,57.0,5,SSW,4,1011.4,28.0,60.0,7,NE,7,1008.5
2022-01-26,23.2,26.6,2.0,,0.0,E,19.0,11:47,24.8,88.0,8,SE,4,1012.0,23.8,89.0,8,E,7,1010.8
2022-01-27,22.1,28.4,15.2,,2.6,SE,22.0,15:32,26.2,62.0,7,S,6,1014.8,26.6,57.0,8,ESE,11,1012.9
2022-01-28,21.5,30.1,3.0,,10.6,E,37.0,14:20,24.6,86.0,7,SE,4,1015.4,28.2,52.0,3,E,17,1013.3
2022-01-29,21.4,31.2,0.4,,9.2,SE,33.0,12:29,27.1,66.0,4,SE,7,1014.9,28.9,56.0,5,ESE,15,1011.8
2022-01-30,21.1,31.6,0.2,,11.5,SE,31.0,14:06,27.7,64.0,5,SE,9,1012.3,29.4,57.0,7,ESE,13,1009.8
2022-01-31,22.6,32.0,0.0,,11.9,ENE,19.0,16:04,28.8,60.0,6,SW,6,1008.8,31.4,54.0,1,NE,7,1005.2
2022-02-1,24.8,34.7,0.0,,10.9,ESE,30.0,15:56,29.4,62.0,5,WNW,4,1005.3,32.5,60.0,7,NNE,7,1001.2
2022-02-2,25.3,35.5,0.0,,3.6,WNW,35.0,15:05,31.6,65.0,7,SSW,2,1003.4,28.4,81.0,8,NNW,4,1001.9
2022-02-3,24.1,30.7,27.2,,2.3,S,24.0,15:53,28.8,70.0,8,SSW,6,1000.3,24.7,89.0,8,SE,7,998.6
2022-02-4,19.7,28.4,20.6,,10.7,SE,43.0,16:01,25.7,60.0,2,SSW,9,1005.9,26.3,53.0,5,SE,15,1006.6
2022-02-5,18.3,27.4,0.0,,9.3,SE,35.0,11:24,24.7,53.0,2,S,11,1011.3,26.2,45.0,7,SE,15,1009.7
2022-02-6,19.2,26.9,0.0,,7.5,SE,44.0,10:08,24.6,53.0,7,SSE,15,1014.7,24.4,52.0,5,SE,20,1014.7
2022-02-7,19.1,29.2,0.8,,8.9,E,33.0,16:03,24.6,55.0,6,S,9,1016.6,27.7,45.0,1,SE,13,1013.1
2022-02-8,18.0,28.3,0.0,,12.5,ENE,24.0,15:17,24.3,56.0,1,WSW,9,1014.8,27.5,46.0,2,SE,11,1011.3
2022-02-9,18.6,30.0,0.0,,12.3,ENE,26.0,15:31,25.3,56.0,1,WSW,6,1013.7,28.4,47.0,1,ENE,13,1010.3
2022-02-10,19.4,31.2,0.0,,12.6,ENE,30.0,16:36,25.8,57.0,1,SE,7,1013.2,30.0,36.0,1,NW,6,1009.5
2022-02-11,19.1,31.3,0.0,,12.2,SE,33.0,11:00,27.2,53.0,3,SSE,11,1011.3,28.8,55.0,2,E,15,1008.2
2022-02-12,20.4,28.9,0.0,,7.0,S,35.0,13:33,26.9,53.0,2,SSE,11,1011.9,25.0,57.0,6,SE,11,1012.3
2022-02-13,18.6,29.3,7.2,,10.4,SE,33.0,12:35,24.9,57.0,1,SE,11,1018.3,27.5,47.0,2,ESE,17,1017.1
2022-02-14,19.2,27.9,0.6,,,E,31.0,13:52,25.5,65.0,6,SSE,9,1022.1,22.0,88.0,7,S,6,1021.5
2022-02-15,19.3,27.1,5.6,,,E,30.0,13:30,25.0,72.0,8,S,7,1022.0,25.3,61.0,7,E,11,1019.8
2022-02-16,20.4,28.7,0.2,,9.8,E,26.0,10:05,24.9,66.0,2,SE,9,1018.4,28.0,47.0,1,SE,13,1014.8
2022-02-17,19.1,29.8,0.0,,,ENE,22.0,15:08,25.3,63.0,4,W,6,1014.2,28.8,49.0,1,ENE,11,1010.6
2022-02-18,20.3,31.9,0.0,,,WNW,30.0,17:34,26.4,64.0,1,NW,6,1011.8,31.1,51.0,2,NNE,7,1008.5
2022-02-19,20.2,31.0,19.2,,,SSE,35.0,18:19,26.6,71.0,2,SSW,6,1014.8,27.6,63.0,7,E,13,1012.8
2022-02-20,21.1,27.6,10.4,,5.2,ESE,20.0,12:10,26.8,68.0,7,SE,6,1013.3,27.1,62.0,7,ENE,7,1010.4
2022-02-21,20.6,30.1,0.2,,10.4,ENE,26.0,14:43,26.4,65.0,5,N,2,1010.9,27.4,66.0,6,NE,9,1008.8
2022-02-22,21.2,30.3,2.2,,5.5,E,33.0,13:49,27.2,68.0,4,E,9,1013.3,26.3,73.0,8,E,9,1011.6
2022-02-23,21.1,28.7,38.6,,4.7,ENE,33.0,02:59,23.0,92.0,7,ESE,6,1014.4,28.0,66.0,6,SE,9,1012.0
2022-02-24,22.7,28.1,13.4,,2.8,ENE,41.0,11:59,24.9,85.0,7,ENE,11,1012.1,26.7,69.0,8,E,19,1009.7
2022-02-25,22.6,24.2,64.0,,0.0,E,35.0,01:34,23.2,93.0,8,E,15,1009.3,23.3,94.0,8,ESE,4,1006.4
2022-02-26,21.4,23.9,225.6,,0.0,E,31.0,14:46,22.3,94.0,8,SE,6,1008.5,22.6,93.0,8,E,15,1006.3
2022-02-27,20.1,23.6,228.4,,0.0,S,46.0,21:48,20.5,96.0,8,S,7,1007.0,21.1,96.0,8,SSW,9,1004.5
2022-02-28,19.7,29.9,222.8,,2.9,SSW,26.0,00:59,23.4,77.0,7,W,9,1005.4,27.6,68.0,7,E,6,1002.6
2022-03-1,21.0,30.4,5.6,,10.2,ESE,31.0,14:31,26.0,70.0,4,SW,7,1005.9,28.5,61.0,3,ESE,13,1003.5
2022-03-2,21.4,31.4,0.2,,10.4,ENE,22.0,18:31,26.8,67.0,3,W,6,1006.3,29.2,63.0,1,ENE,11,1002.7
2022-03-3,19.5,27.7,56.0,,3.8,W,39.0,07:03,20.0,93.0,8,SE,7,1007.4,26.8,64.0,3,NNE,7,1003.8
2022-03-4,19.9,27.5,0.6,,3.3,SSE,22.0,14:34,24.9,79.0,7,WSW,4,1007.0,26.7,67.0,7,SE,9,1005.5
2022-03-5,20.4,31.6,0.0,,11.1,NE,17.0,17:41,26.3,65.0,1,WSW,6,1007.5,28.8,58.0,5,NE,7,1003.9
2022-03-6,22.3,32.2,0.0,,6.7,S,39.0,17:28,28.6,68.0,2,ENE,4,1005.5,27.3,87.0,8,N,7,1002.5
2022-03-7,19.6,30.6,23.4,,9.6,ENE,20.0,13:17,23.6,67.0,7,SW,7,1005.6,28.0,60.0,3,NE,7,1002.5
2022-03-8,21.9,34.4,0.2,,10.6,W,20.0,12:01,27.7,66.0,1,S,6,1005.8,34.0,46.0,2,WNW,7,1003.1
2022-03-9,23.3,34.7,0.6,,,ESE,30.0,21:17,25.4,80.0,7, ,Calm,1009.6,34.3,40.0,4,NW,6,1007.2
2022-03-10,23.3,27.2,0.2,,,E,24.0,13:25,24.9,68.0,8,SE,6,1015.1,24.9,76.0,7,E,11,1013.0
2022-03-11,21.6,26.6,0.0,,1.6,ESE,26.0,13:14,24.5,70.0,7,SSE,11,1017.0,24.9,66.0,7,ESE,13,1015.5
2022-03-12,19.4,27.5,0.0,,4.9,E,33.0,15:14,25.6,60.0,6,S,7,1020.3,26.4,51.0,6,ESE,9,1018.3
2022-03-13,18.4,28.7,0.0,,,E,28.0,15:19,25.1,60.0,2,S,6,1021.2,26.8,53.0,3,E,15,1018.4
2022-03-14,18.6,28.7,0.0,,,SSE,24.0,16:36,25.3,59.0,2,S,7,1019.4,26.7,53.0,6,E,9,1015.3
2022-03-15,19.3,27.6,0.0,,,ESE,35.0,13:17,24.0,65.0,6,SW,7,1017.9,26.2,59.0,7,SE,9,1015.3
2022-03-16,19.3,29.3,0.0,,8.3,E,28.0,15:33,24.2,67.0,7,SSW,6,1017.6,28.3,54.0,7,ESE,7,1013.7
2022-03-17,19.5,30.5,0.0,,11.2,E,30.0,16:03,25.3,65.0,2,WSW,6,1016.7,29.1,52.0,2,ESE,9,1012.2
2022-03-18,20.3,29.1,0.2,,,ENE,31.0,14:05,25.7,64.0,4,SSE,7,1014.8,27.7,53.0,3,E,15,1012.1
2022-03-19,19.4,29.2,0.0,,,ESE,31.0,14:14,25.4,57.0,2,S,7,1014.7,28.1,46.0,2,ESE,13,1012.4
2022-03-20,19.8,28.7,0.0,,10.4,E,20.0,16:49,25.3,58.0,1,S,6,1015.5,27.2,52.0,2,ENE,9,1012.7
2022-03-21,18.2,29.8,0.0,,,ENE,22.0,16:39,23.9,63.0,1,SW,7,1015.3,28.4,44.0,2,NE,7,1011.9
2022-03-22,18.5,29.8,0.0,,10.9,ENE,19.0,15:07,24.6,61.0,1,SW,7,1014.4,27.8,49.0,1,ENE,11,1010.7
2022-03-23,18.8,30.9,0.0,,10.9,NE,22.0,17:00,24.5,66.0,1,W,4,1012.4,29.6,54.0,1,NNE,9,1008.6
2022-03-24,20.6,30.6,0.0,,9.6,ENE,20.0,12:55,26.7,69.0,1,SSE,4,1014.6,29.9,44.0,1,NE,7,1011.2
2022-03-25,20.8,30.4,0.0,,9.1,S,37.0,17:32,26.1,64.0,5,WSW,6,1016.0,29.6,48.0,1,NE,6,1012.3
2022-03-26,19.5,27.6,56.2,,3.8,NE,17.0,14:21,24.3,71.0,7,SW,7,1016.6,24.9,72.0,7,NE,6,1013.3
2022-03-27,19.6,28.5,6.2,,5.2,E,26.0,14:27,23.9,74.0,3,SW,6,1015.5,26.2,60.0,7,ENE,11,1012.0
2022-03-28,20.6,21.9,44.6,,0.0,S,57.0,21:56,21.3,95.0,8,E,4,1012.1,20.4,90.0,8,E,7,1009.3
2022-03-29,19.1,25.4,63.8,,1.7,S,22.0,00:08,20.1,94.0,8,SW,6,1004.6,24.4,77.0,7,SW,6,1001.2
2022-03-30,20.1,27.5,13.8,,2.4,WNW,43.0,12:32,22.4,78.0,7,W,11,1000.0,26.8,60.0,7,WSW,15,997.8
2022-03-31,20.9,,0.0,,,,,,26.5,58.0,1,SW,7,1005.6,27.4,53.0,7,S,13,1005.4
